,mcode,u_title,l_title
0,T1ME11U01001,['1. 9까지의 수'],"['1, 2, 3, 4, 5 알아보기']"
1,T1ME11U01002,['1. 9까지의 수'],"['6, 7, 8, 9 알아보기']"
2,T1ME11U01003,['1. 9까지의 수'],['순서 알아보기/수의 순서 알아보기']
3,T1ME11U01004,['1. 9까지의 수'],['1만큼 더 큰 수와 1만큼 더 작은 수/수의 크기 비교하기']
4,T1ME11U01006,['1. 9까지의 수'],"['1, 2, 3, 4, 5를 알아볼까요']"
5,T1ME11U01007,['1. 9까지의 수'],"['6, 7, 8, 9를 알아볼까요']"
6,T1ME11U01008,['1. 9까지의 수'],['순서를 알아볼까요']
7,T1ME11U01009,['1. 9까지의 수'],['수의 순서를 알아볼까요']
8,T1ME11U01010,['1. 9까지의 수'],['1만큼 더 큰 수와 1만큼 더 작은 수를 알아볼까요']
9,T1ME11U01012,['1. 9까지의 수'],['수의 크기를 비교해 볼까요']
10,T1ME11U01064,['1. 9까지의 수'],['1. 9까지의 수']
11,T1ME11U02001,['2. 여러 가지 모양'],['여러 가지 모양 찾아보기']
12,T1ME11U02002,['2. 여러 가지 모양'],['여러 가지 모양 알아보기']
13,T1ME11U02003,['2. 여러 가지 모양'],['여러 가지 모양으로 만들어 보기']
14,T1ME11U02008,['2. 여러 가지 모양'],['모양 찾기 놀이를 해 볼까요']
15,T1ME11U03001,['3. 덧셈과 뺄셈'],['모으기와 가르기(1)']
16,T1ME11U03002,['3. 덧셈과 뺄셈'],['모으기와 가르기(2)']
17,T1ME11U03003,['3. 덧셈과 뺄셈'],['덧셈 알아보기/덧셈하기(1)']
18,T1ME11U03004,['3. 덧셈과 뺄셈'],['덧셈하기(2)']
19,T1ME11U03005,['3. 덧셈과 뺄셈'],['뺄셈 알아보기/뺄셈하기(1)']
20,T1ME11U03006,['3. 덧셈과 뺄셈'],['뺄셈하기(2)']
21,T1ME11U03007,['3. 덧셈과 뺄셈'],['0이 있는 덧셈과 뺄셈']
22,T1ME11U03008,['3. 덧셈과 뺄셈'],['덧셈과 뺄셈하기']
23,T1ME11U04001,['4. 비교하기'],['어느 것이 더 긴지 알아보기']
24,T1ME11U04002,['4. 비교하기'],['어느 것이 더 무거운지 알아보기']
25,T1ME11U04003,['4. 비교하기'],['어느 것이 더 넓은지 알아보기']
26,T1ME11U04004,['4. 비교하기'],['어느 것에 더 많이 담을 수 있는지 알아보기']
27,T1ME11U05001,['5. 50까지의 수'],['9 다음 수 알아보기/십몇 알아보기']
28,T1ME11U05002,['5. 50까지의 수'],['모으기와 가르기']
29,T1ME11U05003,['5. 50까지의 수'],['10개씩 묶어 세기/50까지의 수 세기']
30,T1ME11U05004,['5. 50까지의 수'],['50까지의 수의 순서 알아보기']
31,T1ME11U05005,['5. 50까지의 수'],['수의 크기 비교하기']
32,T1ME21U01001,['1. 세 자리 수'],['백 알아보기/몇백 알아보기']
33,T1ME21U01002,['1. 세 자리 수'],['세 자리 수/각 자리의 숫자가 나타내는 값 알아보기']
34,T1ME21U01003,['1. 세 자리 수'],['뛰어 세기']
35,T1ME21U01004,['1. 세 자리 수'],['수의 크기 비교하기']
36,T1ME21U01006,['1. 세 자리 수'],['백을 알아볼까요']
37,T1ME21U01007,['1. 세 자리 수'],['몇백을 알아볼까요']
38,T1ME21U01008,['1. 세 자리 수'],['세 자리 수를 알아볼까요']
39,T1ME21U01009,['1. 세 자리 수'],['각 자리의 숫자는 얼마를 나타낼까요']
40,T1ME21U01010,['1. 세 자리 수'],['뛰어 세어 볼까요']
41,T1ME21U01011,['1. 세 자리 수'],['수의 크기를 비교해 볼까요']
42,T1ME21U02001,['2. 여러 가지 도형'],['○과 △ 알아보기']
43,T1ME21U02002,['2. 여러 가지 도형'],['□ 알아보기']
44,T1ME21U02003,['2. 여러 가지 도형'],['칠교판으로 모양 만들기']
45,T1ME21U02004,['2. 여러 가지 도형'],['쌓은 모양 알아보기/여러 가지 모양으로 쌓기']
46,T1ME21U03001,['3. 덧셈과 뺄셈'],['여러 가지 방법으로 덧셈해 보기(1)']
47,T1ME21U03002,['3. 덧셈과 뺄셈'],['여러 가지 방법으로 덧셈해 보기(2)']
48,T1ME21U03003,['3. 덧셈과 뺄셈'],['덧셈하기']
49,T1ME21U03004,['3. 덧셈과 뺄셈'],['여러 가지 방법으로 뺄셈해 보기(1)']
50,T1ME21U03005,['3. 덧셈과 뺄셈'],['여러 가지 방법으로 뺄셈해 보기(2)']
51,T1ME21U03006,['3. 덧셈과 뺄셈'],['뺄셈하기']
52,T1ME21U03007,['3. 덧셈과 뺄셈'],['덧셈과 뺄셈의 관계/□가 사용된 식을 만들고 □의 값 구하기']
53,T1ME21U04001,['4. 길이 재기'],['여러 가지 단위로 길이 재기/1cm 알아보기']
54,T1ME21U04002,['4. 길이 재기'],['자로 길이 재기/길이 어림하기']
55,T1ME21U05001,['5. 분류하기'],['분류하는 방법 알아보기/ 기준에 따라 분류하기']
56,T1ME21U05002,['5. 분류하기'],['분류하고 세어 보기/분류한 결과 말해 보기']
57,T1ME21U06001,['6. 곱셈'],['여러 가지 방법으로 세어 보기/묶어 세기']
58,T1ME21U06002,['6. 곱셈'],['몇의 몇 배 알아보기']
59,T1ME21U06003,['6. 곱셈'],['곱셈식 알아보기/ 곱셈식으로 나타내기']
